{
    "total_runtime": 0.6339635848999023,
    "num_documents": 39,
    "input_load_time": 0,
    "workflows": {
        "create_base_text_units": {
            "overall": 0.44217896461486816,
            "0_orderby": 0.003085613250732422,
            "1_zip": 0.0034835338592529297,
            "2_aggregate_override": 0.00638127326965332,
            "3_chunk": 0.37183213233947754,
            "4_select": 0.004191398620605469,
            "5_unroll": 0.005773067474365234,
            "6_rename": 0.004349470138549805,
            "7_genid": 0.014608383178710938,
            "8_unzip": 0.005478382110595703,
            "9_copy": 0.004799604415893555,
            "10_filter": 0.015405893325805664
        }
    }
}